{"cameraMode":{"drawMode":0,"name":"Shaded","section":"Shading Mode"},"sceneLighting":false,"audioPlay":false,"sceneViewState":{"showFog":true,"showMaterialUpdate":false,"showSkybox":false,"showFlares":true,"showImageEffects":true,"showParticleSystems":true,"showVisualEffectGraphs":true,"m_FxEnabled":true},"in2DMode":false,"pivot":{"x":0.20242846012115479,"y":1.4428579807281495,"z":-0.23038053512573243},"rotation":{"x":-0.022583335638046266,"y":0.9747620820999146,"z":-0.11635904759168625,"w":-0.18918393552303315},"size":2.3004820346832277,"orthographic":false}