{"cameraMode":{"drawMode":0,"name":"Shaded","section":"Shading Mode"},"sceneLighting":true,"audioPlay":false,"sceneViewState":{"showFog":true,"showMaterialUpdate":false,"showSkybox":true,"showFlares":true,"showImageEffects":true,"showParticleSystems":true,"showVisualEffectGraphs":true,"m_FxEnabled":true},"in2DMode":false,"pivot":{"x":-2.43703293800354,"y":5.358730316162109,"z":0.3876042366027832},"rotation":{"x":0.03988823667168617,"y":-0.008393267169594765,"z":0.00033548747887834907,"w":0.9991757273674011},"size":9.550000190734864,"orthographic":false}