{"cameraMode":{"drawMode":0,"name":"Shaded","section":"Shading Mode"},"sceneLighting":false,"audioPlay":false,"sceneViewState":{"showFog":true,"showMaterialUpdate":false,"showSkybox":false,"showFlares":true,"showImageEffects":true,"showParticleSystems":true,"showVisualEffectGraphs":true,"m_FxEnabled":true},"in2DMode":false,"pivot":{"x":-5.429999828338623,"y":0.9504180550575256,"z":-4.661032199859619},"rotation":{"x":0.5348016619682312,"y":-0.009382016956806183,"z":0.0059306020848453049,"w":0.8449274897575378},"size":1.2743197679519654,"orthographic":false}