{"cameraMode":{"drawMode":0,"name":"Shaded","section":"Shading Mode"},"sceneLighting":false,"audioPlay":false,"sceneViewState":{"showFog":true,"showMaterialUpdate":false,"showSkybox":false,"showFlares":true,"showImageEffects":true,"showParticleSystems":true,"showVisualEffectGraphs":true,"m_FxEnabled":true},"in2DMode":false,"pivot":{"x":0.6257956027984619,"y":0.4313105642795563,"z":1.0805823802947999},"rotation":{"x":0.4803007245063782,"y":0.00526075204834342,"z":-0.002886918606236577,"w":0.8771018385887146},"size":5.020695686340332,"orthographic":false}