{"cameraMode":{"drawMode":0,"name":"Shaded","section":"Shading Mode"},"sceneLighting":false,"audioPlay":false,"sceneViewState":{"showFog":true,"showMaterialUpdate":false,"showSkybox":false,"showFlares":true,"showImageEffects":true,"showParticleSystems":true,"showVisualEffectGraphs":true,"m_FxEnabled":true},"in2DMode":false,"pivot":{"x":5.960464477539063e-8,"y":0.9504180550575256,"z":0.008967697620391846},"rotation":{"x":0.15105175971984864,"y":-0.4962952733039856,"z":0.08815906941890717,"w":0.8503552079200745},"size":1.2743197679519654,"orthographic":false}