{"cameraMode":{"drawMode":0,"name":"Shaded","section":"Shading Mode"},"sceneLighting":true,"audioPlay":false,"sceneViewState":{"showFog":true,"showMaterialUpdate":false,"showSkybox":true,"showFlares":true,"showImageEffects":true,"showParticleSystems":true,"showVisualEffectGraphs":true,"m_FxEnabled":true},"in2DMode":false,"pivot":{"x":5.763316631317139,"y":2.3485844135284426,"z":5.81636381149292},"rotation":{"x":0.5953547358512878,"y":0.013975587673485279,"z":-0.010365976952016354,"w":0.8033062219619751},"size":0.3293676972389221,"orthographic":false}