{"cameraMode":{"drawMode":0,"name":"Shaded","section":"Shading Mode"},"sceneLighting":false,"audioPlay":false,"sceneViewState":{"showFog":true,"showMaterialUpdate":false,"showSkybox":false,"showFlares":true,"showImageEffects":true,"showParticleSystems":true,"showVisualEffectGraphs":true,"m_FxEnabled":true},"in2DMode":false,"pivot":{"x":0.0013939142227172852,"y":2.559776544570923,"z":0.26325511932373049},"rotation":{"x":0.42163804173469546,"y":-0.4099377989768982,"z":0.22224226593971253,"w":0.7777011394500732},"size":3.2655551433563234,"orthographic":false}