{"cameraMode":{"drawMode":0,"name":"Shaded","section":"Shading Mode"},"sceneLighting":false,"audioPlay":false,"sceneViewState":{"showFog":true,"showMaterialUpdate":false,"showSkybox":false,"showFlares":true,"showImageEffects":true,"showParticleSystems":true,"showVisualEffectGraphs":true,"m_FxEnabled":true},"in2DMode":false,"pivot":{"x":0.6000003814697266,"y":0.9600000381469727,"z":1.3199985027313233},"rotation":{"x":0.4816097915172577,"y":-0.006576864048838615,"z":0.0036028046160936357,"w":0.8763681054115295},"size":10.674760818481446,"orthographic":false}